{"cameraMode":{"drawMode":0,"name":"Shaded","section":"Shading Mode"},"sceneLighting":true,"audioPlay":false,"sceneViewState":{"showFog":false,"showMaterialUpdate":false,"showSkybox":false,"showFlares":false,"showImageEffects":false,"showParticleSystems":false},"in2DMode":false,"pivot":{"x":-5.4952545166015629,"y":-15.707609176635743,"z":28.151138305664064},"rotation":{"x":0.3236490786075592,"y":-0.026117779314517976,"z":0.008930318988859654,"w":0.9457870125770569},"size":77.84629821777344,"orthographic":false}